{"epoch": 0, "train_loss": 1.4780138731002808, "_timestamp": 1684522585.8065057, "_runtime": 2.3418586254119873, "_step": 4, "val_loss": 1.4743256568908691, "val_acc": 0.20650814473628998, "test_acc": 0.11013215780258179, "test_loss": 1.5560718774795532, "_wandb": {"runtime": 1}}