{"epoch": 0, "train_loss": 1.5071061849594116, "_timestamp": 1684521809.0937192, "_runtime": 4.79979133605957, "_step": 4, "val_loss": 1.499473214149475, "val_acc": 0.18079999089241028, "test_acc": 0.1825999915599823, "test_loss": 1.5126267671585083, "_wandb": {"runtime": 4}}