{"epoch": 0, "train_loss": 1.4676018953323364, "_timestamp": 1684522297.7868133, "_runtime": 2.7392642498016357, "_step": 4, "val_loss": 1.4799449443817139, "val_acc": 0.16896119713783264, "test_acc": 0.11013215780258179, "test_loss": 1.5620636940002441, "_wandb": {"runtime": 2}}