{"epoch": 1, "train_loss": 1.5000916719436646, "_timestamp": 1684520347.2106638, "_runtime": 7.342911720275879, "_step": 5, "val_loss": 1.5027416944503784, "val_acc": 0.13539999723434448, "test_acc": 0.1598999947309494, "test_loss": 1.509351134300232, "_wandb": {"runtime": 6}}