{"epoch": 0, "train_loss": 1.5117321014404297, "_timestamp": 1684520086.376215, "_runtime": 4.04572606086731, "_step": 0, "_wandb": {"runtime": 3}}