{"epoch": 1, "train_loss": 1.506384253501892, "_timestamp": 1684520375.2346475, "_runtime": 7.309548616409302, "_step": 5, "val_loss": 1.5060131549835205, "val_acc": 0.14839999377727509, "test_acc": 0.1550000011920929, "test_loss": 1.5152307748794556, "_wandb": {"runtime": 6}}