{"epoch": 0, "train_loss": 1.464739203453064, "_timestamp": 1684522537.3179924, "_runtime": 2.7103774547576904, "_step": 4, "val_loss": 1.469508409500122, "val_acc": 0.22528161108493805, "test_acc": 0.11013215780258179, "test_loss": 1.5694711208343506, "_wandb": {"runtime": 2}}