{"epoch": 19, "train_loss": 1.4578330516815186, "_timestamp": 1684519527.1314, "_runtime": 51.906254053115845, "_step": 23, "val_loss": 1.4661848545074463, "val_acc": 0.24879999458789825, "_wandb": {"runtime": 51}}