{"epoch": 0, "train_loss": 1.5135444402694702, "_timestamp": 1684520906.04979, "_runtime": 5.542053937911987, "_step": 4, "val_loss": 1.503404974937439, "val_acc": 0.1462000012397766, "test_acc": 0.14489999413490295, "test_loss": 1.5146377086639404, "_wandb": {"runtime": 4}}