{"epoch": 19, "train_loss": 1.4516087770462036, "_timestamp": 1684520187.2018545, "_runtime": 53.366865396499634, "_step": 25, "val_loss": 1.4424439668655396, "val_acc": 0.23359999060630798, "test_acc": 0.289000004529953, "test_loss": 1.4259655475616455, "_wandb": {"runtime": 52}}