{"val_loss": 2.1141135692596436, "epoch": 5, "trainer/global_step": 2750, "_timestamp": 1684511484.7496157, "_runtime": 43.05126166343689, "_step": 11, "train_loss": 2.117645263671875, "test_loss": 2.1082522869110107, "_wandb": {"runtime": 44}}