{"epoch": 0, "train_loss": 1.5120357275009155, "_timestamp": 1684521016.9134686, "_runtime": 8.67756962776184, "_step": 4, "val_loss": 1.5077154636383057, "val_acc": 0.18400000035762787, "test_acc": 0.19569998979568481, "test_loss": 1.5118244886398315, "_wandb": {"runtime": 4}}