{"val_loss": 2.090787649154663, "epoch": 4, "trainer/global_step": 2749, "_timestamp": 1684510847.684351, "_runtime": 39.31503105163574, "_step": 9, "train_loss": 2.1007533073425293, "_wandb": {"runtime": 43}}